Date,Gender,Age,Quantity,Price per Unit,Total Amount,year,month,Transaction_ID,Customer_ID,Product_Category
2023-11-24,Male,34,3,50,150,2023,11,1,CUST001,Beauty
2023-02-27,Female,26,2,500,1000,2023,2,2,CUST002,Clothing
2023-01-13,Male,50,1,30,30,2023,1,3,CUST003,Electronics
2023-05-21,Male,37,1,500,500,2023,5,4,CUST004,Clothing
2023-05-06,Male,30,2,50,100,2023,5,5,CUST005,Beauty
2023-04-25,Female,45,1,30,30,2023,4,6,CUST006,Beauty
2023-03-13,Male,46,2,25,50,2023,3,7,CUST007,Clothing
2023-02-22,Male,30,4,25,100,2023,2,8,CUST008,Electronics
2023-12-13,Male,63,2,300,600,2023,12,9,CUST009,Electronics
2023-10-07,Female,52,4,50,200,2023,10,10,CUST010,Clothing
2023-02-14,Male,23,2,50,100,2023,2,11,CUST011,Clothing
2023-10-30,Male,35,3,25,75,2023,10,12,CUST012,Beauty
2023-08-05,Male,22,3,500,1500,2023,8,13,CUST013,Electronics
2023-01-17,Male,64,4,30,120,2023,1,14,CUST014,Clothing
2023-01-16,Female,42,4,500,2000,2023,1,15,CUST015,Electronics
2023-02-17,Male,19,3,500,1500,2023,2,16,CUST016,Clothing
2023-04-22,Female,27,4,25,100,2023,4,17,CUST017,Clothing
2023-04-30,Female,47,2,25,50,2023,4,18,CUST018,Electronics
2023-09-16,Female,62,2,25,50,2023,9,19,CUST019,Clothing
2023-11-05,Male,22,3,300,900,2023,11,20,CUST020,Clothing
2023-01-14,Female,50,1,500,500,2023,1,21,CUST021,Beauty
2023-10-15,Male,18,2,50,100,2023,10,22,CUST022,Clothing
2023-04-12,Female,35,4,30,120,2023,4,23,CUST023,Clothing
2023-11-29,Female,49,1,300,300,2023,11,24,CUST024,Clothing
2023-12-26,Female,64,1,50,50,2023,12,25,CUST025,Beauty
2023-10-07,Female,28,2,500,1000,2023,10,26,CUST026,Electronics
2023-08-03,Female,38,2,25,50,2023,8,27,CUST027,Beauty
2023-04-23,Female,43,1,500,500,2023,4,28,CUST028,Beauty
2023-08-18,Female,42,1,30,30,2023,8,29,CUST029,Electronics
2023-10-29,Female,39,3,300,900,2023,10,30,CUST030,Beauty
2023-05-23,Male,44,4,300,1200,2023,5,31,CUST031,Electronics
2023-01-04,Male,30,3,30,90,2023,1,32,CUST032,Beauty
2023-03-23,Female,50,2,50,100,2023,3,33,CUST033,Electronics
2023-12-24,Female,51,3,50,150,2023,12,34,CUST034,Clothing
2023-08-05,Female,58,3,300,900,2023,8,35,CUST035,Beauty
2023-06-24,Male,52,3,300,900,2023,6,36,CUST036,Beauty
2023-05-23,Female,18,3,25,75,2023,5,37,CUST037,Beauty
2023-03-21,Male,38,4,50,200,2023,3,38,CUST038,Beauty
2023-04-21,Male,23,4,30,120,2023,4,39,CUST039,Clothing
2023-06-22,Male,45,1,50,50,2023,6,40,CUST040,Beauty
2023-02-22,Male,34,2,25,50,2023,2,41,CUST041,Clothing
2023-02-17,Male,22,3,300,900,2023,2,42,CUST042,Clothing
2023-07-14,Female,48,1,300,300,2023,7,43,CUST043,Clothing
2023-02-19,Female,22,1,25,25,2023,2,44,CUST044,Clothing
2023-07-03,Female,55,1,30,30,2023,7,45,CUST045,Electronics
2023-06-26,Female,20,4,300,1200,2023,6,46,CUST046,Electronics
2023-11-06,Female,40,3,500,1500,2023,11,47,CUST047,Beauty
2023-05-16,Male,54,3,300,900,2023,5,48,CUST048,Electronics
2023-01-23,Female,54,2,500,1000,2023,1,49,CUST049,Electronics
2023-08-24,Female,27,3,25,75,2023,8,50,CUST050,Beauty
2023-10-02,Male,27,3,25,75,2023,10,51,CUST051,Beauty
2023-03-05,Female,36,1,300,300,2023,3,52,CUST052,Beauty
2023-07-13,Male,34,2,50,100,2023,7,53,CUST053,Electronics
2023-02-10,Female,38,3,500,1500,2023,2,54,CUST054,Electronics
2023-10-10,Male,31,4,30,120,2023,10,55,CUST055,Beauty
2023-05-31,Female,26,3,300,900,2023,5,56,CUST056,Clothing
2023-11-18,Female,63,1,30,30,2023,11,57,CUST057,Beauty
2023-11-13,Male,18,4,300,1200,2023,11,58,CUST058,Clothing
2023-07-05,Male,62,1,50,50,2023,7,59,CUST059,Clothing
2023-10-23,Male,30,3,50,150,2023,10,60,CUST060,Beauty
2023-04-09,Male,21,4,50,200,2023,4,61,CUST061,Beauty
2023-12-27,Male,18,2,50,100,2023,12,62,CUST062,Beauty
2023-02-05,Male,57,2,25,50,2023,2,63,CUST063,Electronics
2023-01-24,Male,49,4,25,100,2023,1,64,CUST064,Clothing
2023-12-05,Male,51,4,500,2000,2023,12,65,CUST065,Electronics
2023-04-27,Female,45,1,30,30,2023,4,66,CUST066,Electronics
2023-05-29,Female,48,4,300,1200,2023,5,67,CUST067,Beauty
2023-02-10,Male,25,1,300,300,2023,2,68,CUST068,Electronics
2023-04-30,Female,56,3,25,75,2023,4,69,CUST069,Beauty
2023-02-21,Female,43,1,300,300,2023,2,70,CUST070,Clothing
2023-07-14,Female,51,4,25,100,2023,7,71,CUST071,Beauty
2023-05-23,Female,20,4,500,2000,2023,5,72,CUST072,Electronics
2023-08-21,Male,29,3,30,90,2023,8,73,CUST073,Electronics
2023-11-22,Female,18,4,500,2000,2023,11,74,CUST074,Beauty
2023-07-06,Male,61,4,50,200,2023,7,75,CUST075,Beauty
2023-03-25,Female,22,2,50,100,2023,3,76,CUST076,Electronics
2023-07-09,Female,47,2,50,100,2023,7,77,CUST077,Clothing
2023-07-01,Female,47,3,500,1500,2023,7,78,CUST078,Clothing
2023-04-18,Male,34,1,300,300,2023,4,79,CUST079,Beauty
2023-12-10,Female,64,2,30,60,2023,12,80,CUST080,Clothing
2023-05-17,Male,40,1,50,50,2023,5,81,CUST081,Electronics
2023-12-26,Female,32,4,50,200,2023,12,82,CUST082,Beauty
2023-12-16,Male,54,2,50,100,2023,12,83,CUST083,Electronics
2023-11-28,Female,38,3,30,90,2023,11,84,CUST084,Electronics
2023-02-06,Male,31,3,50,150,2023,2,85,CUST085,Clothing
2023-11-08,Male,19,3,30,90,2023,11,86,CUST086,Beauty
2023-11-22,Female,28,2,50,100,2023,11,87,CUST087,Beauty
2023-03-29,Male,56,1,500,500,2023,3,88,CUST088,Clothing
2023-10-01,Female,55,4,500,2000,2023,10,89,CUST089,Electronics
2023-05-06,Female,51,1,30,30,2023,5,90,CUST090,Electronics
2023-03-25,Female,55,1,500,500,2023,3,91,CUST091,Electronics
2023-08-25,Female,51,4,30,120,2023,8,92,CUST092,Electronics
2023-07-14,Female,35,4,500,2000,2023,7,93,CUST093,Beauty
2023-05-19,Female,47,2,500,1000,2023,5,94,CUST094,Beauty
2023-11-24,Female,32,2,30,60,2023,11,95,CUST095,Clothing
2023-12-19,Female,44,2,300,600,2023,12,96,CUST096,Clothing
2023-10-13,Female,51,2,500,1000,2023,10,97,CUST097,Beauty
2023-04-23,Female,55,2,50,100,2023,4,98,CUST098,Beauty
2023-12-17,Female,50,4,300,1200,2023,12,99,CUST099,Electronics
2023-06-16,Male,41,1,30,30,2023,6,100,CUST100,Electronics
2023-01-29,Male,32,2,300,600,2023,1,101,CUST101,Clothing
2023-04-28,Female,47,2,25,50,2023,4,102,CUST102,Beauty
2023-01-17,Female,59,1,25,25,2023,1,103,CUST103,Clothing
2023-06-11,Female,34,2,500,1000,2023,6,104,CUST104,Beauty
2023-07-25,Female,22,1,500,500,2023,7,105,CUST105,Electronics
2023-05-18,Female,46,1,50,50,2023,5,106,CUST106,Clothing
2023-02-03,Female,21,4,300,1200,2023,2,107,CUST107,Clothing
2023-04-19,Female,27,3,25,75,2023,4,108,CUST108,Beauty
2023-10-18,Female,34,4,500,2000,2023,10,109,CUST109,Electronics
2023-06-11,Male,27,3,300,900,2023,6,110,CUST110,Clothing
2023-04-19,Female,34,3,500,1500,2023,4,111,CUST111,Electronics
2023-12-02,Male,37,3,500,1500,2023,12,112,CUST112,Clothing
2023-09-13,Female,41,2,25,50,2023,9,113,CUST113,Electronics
2023-07-22,Female,22,4,25,100,2023,7,114,CUST114,Beauty
2023-11-26,Male,51,3,500,1500,2023,11,115,CUST115,Clothing
2023-08-23,Female,23,1,30,30,2023,8,116,CUST116,Clothing
2023-03-15,Male,19,2,500,1000,2023,3,117,CUST117,Electronics
2023-05-16,Female,30,4,500,2000,2023,5,118,CUST118,Electronics
2023-03-13,Female,60,3,50,150,2023,3,119,CUST119,Clothing
2023-05-07,Male,60,1,50,50,2023,5,120,CUST120,Beauty
2023-10-15,Female,28,4,50,200,2023,10,121,CUST121,Electronics
2023-10-03,Male,64,4,30,120,2023,10,122,CUST122,Electronics
2023-05-15,Female,40,2,30,60,2023,5,123,CUST123,Electronics
2023-10-27,Male,33,4,500,2000,2023,10,124,CUST124,Clothing
2023-08-08,Male,48,2,50,100,2023,8,125,CUST125,Clothing
2023-10-26,Female,28,3,30,90,2023,10,126,CUST126,Clothing
2023-07-24,Female,33,2,25,50,2023,7,127,CUST127,Clothing
2023-07-05,Male,25,1,500,500,2023,7,128,CUST128,Beauty
2023-04-23,Female,21,2,300,600,2023,4,129,CUST129,Beauty
2023-03-12,Female,57,1,500,500,2023,3,130,CUST130,Clothing
2023-09-18,Female,21,2,300,600,2023,9,131,CUST131,Beauty
2023-09-10,Male,42,4,50,200,2023,9,132,CUST132,Electronics
2023-02-16,Male,20,3,300,900,2023,2,133,CUST133,Electronics
2023-01-25,Male,49,1,50,50,2023,1,134,CUST134,Electronics
2023-02-26,Male,20,2,25,50,2023,2,135,CUST135,Clothing
2023-03-20,Male,44,2,300,600,2023,3,136,CUST136,Electronics
2023-11-18,Male,46,2,500,1000,2023,11,137,CUST137,Beauty
2023-03-23,Male,49,4,50,200,2023,3,138,CUST138,Clothing
2023-12-15,Male,36,4,500,2000,2023,12,139,CUST139,Beauty
2023-08-05,Male,38,1,30,30,2023,8,140,CUST140,Electronics
2023-11-02,Female,22,1,50,50,2023,11,141,CUST141,Electronics
2023-02-02,Male,35,4,300,1200,2023,2,142,CUST142,Electronics
2023-07-17,Female,45,1,50,50,2023,7,143,CUST143,Clothing
2023-07-15,Female,59,3,500,1500,2023,7,144,CUST144,Beauty
2023-11-02,Female,39,3,25,75,2023,11,145,CUST145,Clothing
2023-08-28,Male,38,4,50,200,2023,8,146,CUST146,Clothing
2023-09-28,Male,23,1,300,300,2023,9,147,CUST147,Electronics
2023-05-09,Male,18,2,30,60,2023,5,148,CUST148,Clothing
2023-10-11,Male,22,3,25,75,2023,10,149,CUST149,Clothing
2023-01-06,Female,58,4,30,120,2023,1,150,CUST150,Electronics
2023-12-15,Male,29,1,50,50,2023,12,151,CUST151,Clothing
2023-02-28,Male,43,4,500,2000,2023,2,152,CUST152,Electronics
2023-12-16,Male,63,2,500,1000,2023,12,153,CUST153,Electronics
2023-10-02,Male,51,3,300,900,2023,10,154,CUST154,Electronics
2023-05-17,Male,31,4,500,2000,2023,5,155,CUST155,Electronics
2023-11-25,Female,43,4,25,100,2023,11,156,CUST156,Clothing
2023-06-24,Male,62,4,500,2000,2023,6,157,CUST157,Electronics
2023-02-27,Female,44,2,300,600,2023,2,158,CUST158,Electronics
2023-05-31,Male,26,4,50,200,2023,5,159,CUST159,Clothing
2023-08-11,Female,43,2,50,100,2023,8,160,CUST160,Clothing
2023-03-22,Male,64,2,500,1000,2023,3,161,CUST161,Beauty
2023-08-21,Male,39,2,30,60,2023,8,162,CUST162,Clothing
2023-01-02,Female,64,3,50,150,2023,1,163,CUST163,Clothing
2023-05-15,Female,47,3,500,1500,2023,5,164,CUST164,Beauty
2023-09-14,Female,60,4,300,1200,2023,9,165,CUST165,Clothing
2023-04-02,Male,34,4,500,2000,2023,4,166,CUST166,Clothing
2023-09-17,Female,43,3,50,150,2023,9,167,CUST167,Clothing
2023-02-24,Male,53,1,300,300,2023,2,168,CUST168,Clothing
2023-11-17,Male,18,3,500,1500,2023,11,169,CUST169,Beauty
2023-06-02,Female,25,2,25,50,2023,6,170,CUST170,Clothing
2023-11-24,Female,52,3,300,900,2023,11,171,CUST171,Clothing
2023-09-17,Male,32,2,25,50,2023,9,172,CUST172,Beauty
2023-11-08,Male,64,4,30,120,2023,11,173,CUST173,Electronics
2023-04-12,Female,39,1,300,300,2023,4,174,CUST174,Beauty
2023-03-20,Female,31,4,25,100,2023,3,175,CUST175,Electronics
2023-07-11,Female,43,2,50,100,2023,7,176,CUST176,Beauty
2023-03-24,Male,45,2,50,100,2023,3,177,CUST177,Beauty
2023-10-04,Male,40,2,30,60,2023,10,178,CUST178,Clothing
2023-09-29,Male,31,1,300,300,2023,9,179,CUST179,Electronics
2023-01-01,Male,41,3,300,900,2023,1,180,CUST180,Clothing
2023-11-03,Male,19,4,300,1200,2023,11,181,CUST181,Electronics
2023-06-15,Male,62,4,30,120,2023,6,182,CUST182,Beauty
2023-09-08,Female,43,3,300,900,2023,9,183,CUST183,Beauty
2023-01-10,Male,31,4,50,200,2023,1,184,CUST184,Electronics
2023-02-27,Male,24,1,25,25,2023,2,185,CUST185,Clothing
2023-07-05,Male,20,4,50,200,2023,7,186,CUST186,Clothing
2023-06-07,Female,64,2,50,100,2023,6,187,CUST187,Clothing
2023-05-03,Male,40,3,25,75,2023,5,188,CUST188,Clothing
2023-01-30,Male,63,1,50,50,2023,1,189,CUST189,Beauty
2023-05-04,Female,60,3,30,90,2023,5,190,CUST190,Beauty
2023-10-18,Male,64,1,25,25,2023,10,191,CUST191,Beauty
2023-02-10,Male,62,2,50,100,2023,2,192,CUST192,Beauty
2023-02-13,Male,35,3,500,1500,2023,2,193,CUST193,Beauty
2023-09-06,Male,55,4,50,200,2023,9,194,CUST194,Clothing
2023-02-05,Male,52,1,30,30,2023,2,195,CUST195,Clothing
2023-09-30,Female,32,3,300,900,2023,9,196,CUST196,Clothing
2023-03-06,Female,42,4,50,200,2023,3,197,CUST197,Clothing
2023-03-07,Female,54,3,300,900,2023,3,198,CUST198,Beauty
2023-12-04,Male,45,3,500,1500,2023,12,199,CUST199,Beauty
2023-09-01,Male,27,3,50,150,2023,9,200,CUST200,Beauty
2023-10-09,Male,56,1,25,25,2023,10,201,CUST201,Electronics
2023-03-26,Female,34,4,300,1200,2023,3,202,CUST202,Clothing
2023-05-16,Male,56,2,500,1000,2023,5,203,CUST203,Clothing
2023-09-28,Male,39,1,25,25,2023,9,204,CUST204,Beauty
2023-11-07,Female,43,1,25,25,2023,11,205,CUST205,Clothing
2023-08-05,Male,61,1,25,25,2023,8,206,CUST206,Clothing
2023-04-19,Female,42,2,25,50,2023,4,207,CUST207,Beauty
2023-10-04,Female,34,4,50,200,2023,10,208,CUST208,Electronics
2023-12-20,Female,30,4,50,200,2023,12,209,CUST209,Electronics
2023-04-13,Male,37,4,50,200,2023,4,210,CUST210,Electronics
2024-01-01,Male,42,3,500,1500,2024,1,211,CUST211,Beauty
2023-06-09,Male,21,3,500,1500,2023,6,212,CUST212,Clothing
2023-07-24,Male,27,3,500,1500,2023,7,213,CUST213,Beauty
2023-12-10,Male,20,2,30,60,2023,12,214,CUST214,Beauty
2023-11-29,Male,58,3,500,1500,2023,11,215,CUST215,Clothing
2023-07-11,Male,62,2,50,100,2023,7,216,CUST216,Electronics
2023-08-13,Female,35,4,50,200,2023,8,217,CUST217,Electronics
2023-09-22,Male,64,3,30,90,2023,9,218,CUST218,Beauty
2023-08-20,Female,53,3,30,90,2023,8,219,CUST219,Electronics
2023-03-03,Male,64,1,500,500,2023,3,220,CUST220,Beauty
2023-05-07,Male,39,2,300,600,2023,5,221,CUST221,Beauty
2023-04-26,Male,51,4,30,120,2023,4,222,CUST222,Clothing
2023-02-02,Female,64,1,25,25,2023,2,223,CUST223,Clothing
2023-06-23,Female,25,1,50,50,2023,6,224,CUST224,Clothing
2023-01-11,Female,57,4,25,100,2023,1,225,CUST225,Beauty
2023-10-29,Female,61,1,50,50,2023,10,226,CUST226,Clothing
2023-10-11,Male,36,2,50,100,2023,10,227,CUST227,Electronics
2023-04-28,Female,59,2,30,60,2023,4,228,CUST228,Electronics
2023-10-29,Male,58,3,30,90,2023,10,229,CUST229,Beauty
2023-04-23,Male,54,1,25,25,2023,4,230,CUST230,Beauty
2023-01-04,Female,23,3,50,150,2023,1,231,CUST231,Clothing
2023-02-06,Female,43,1,25,25,2023,2,232,CUST232,Beauty
2023-12-29,Female,51,2,300,600,2023,12,233,CUST233,Beauty
2023-11-20,Female,62,2,25,50,2023,11,234,CUST234,Electronics
2023-01-31,Female,23,2,500,1000,2023,1,235,CUST235,Electronics
2023-04-28,Female,54,1,25,25,2023,4,236,CUST236,Clothing
2023-02-04,Female,50,2,500,1000,2023,2,237,CUST237,Beauty
2023-01-17,Female,39,1,500,500,2023,1,238,CUST238,Beauty
2023-06-19,Male,38,3,500,1500,2023,6,239,CUST239,Electronics
2023-02-06,Female,23,1,300,300,2023,2,240,CUST240,Beauty
2023-09-21,Female,23,3,25,75,2023,9,241,CUST241,Electronics
2023-05-02,Male,21,1,25,25,2023,5,242,CUST242,Clothing
2023-05-23,Female,47,3,300,900,2023,5,243,CUST243,Electronics
2023-12-09,Male,28,2,50,100,2023,12,244,CUST244,Beauty
2023-09-06,Male,47,3,30,90,2023,9,245,CUST245,Clothing
2023-04-20,Female,48,2,25,50,2023,4,246,CUST246,Electronics
2023-10-04,Male,41,2,30,60,2023,10,247,CUST247,Electronics
2023-03-09,Male,26,3,300,900,2023,3,248,CUST248,Clothing
2023-10-20,Male,20,1,50,50,2023,10,249,CUST249,Clothing
2023-10-23,Male,48,1,50,50,2023,10,250,CUST250,Electronics
2023-08-31,Female,57,4,50,200,2023,8,251,CUST251,Beauty
2023-05-05,Male,54,1,300,300,2023,5,252,CUST252,Electronics
2023-08-31,Female,53,4,500,2000,2023,8,253,CUST253,Clothing
2023-07-28,Male,41,1,500,500,2023,7,254,CUST254,Electronics
2023-04-08,Male,48,1,30,30,2023,4,255,CUST255,Clothing
2023-02-18,Male,23,2,500,1000,2023,2,256,CUST256,Clothing
2023-02-19,Male,19,4,500,2000,2023,2,257,CUST257,Beauty
2023-12-04,Female,37,1,50,50,2023,12,258,CUST258,Clothing
2023-08-09,Female,45,4,50,200,2023,8,259,CUST259,Clothing
2023-07-01,Male,28,2,30,60,2023,7,260,CUST260,Beauty
2023-08-05,Male,21,2,25,50,2023,8,261,CUST261,Clothing
2023-07-30,Female,32,4,30,120,2023,7,262,CUST262,Beauty
2023-08-28,Male,23,2,30,60,2023,8,263,CUST263,Beauty
2023-01-28,Male,47,3,300,900,2023,1,264,CUST264,Clothing
2023-12-11,Male,55,3,300,900,2023,12,265,CUST265,Clothing
2023-12-01,Female,19,2,30,60,2023,12,266,CUST266,Electronics
2023-11-27,Female,32,3,30,90,2023,11,267,CUST267,Beauty
2023-02-20,Female,28,1,30,30,2023,2,268,CUST268,Electronics
2023-02-01,Male,25,4,500,2000,2023,2,269,CUST269,Clothing
2023-07-26,Male,43,1,300,300,2023,7,270,CUST270,Electronics
2023-06-23,Female,62,4,30,120,2023,6,271,CUST271,Beauty
2023-02-25,Female,61,2,50,100,2023,2,272,CUST272,Electronics
2023-05-08,Female,22,1,50,50,2023,5,273,CUST273,Beauty
2023-04-09,Female,23,2,500,1000,2023,4,274,CUST274,Clothing
2023-04-08,Male,43,2,500,1000,2023,4,275,CUST275,Clothing
2023-10-02,Female,21,4,25,100,2023,10,276,CUST276,Beauty
2023-08-18,Male,36,4,25,100,2023,8,277,CUST277,Clothing
2023-03-13,Female,37,4,25,100,2023,3,278,CUST278,Clothing
2023-08-05,Male,50,1,500,500,2023,8,279,CUST279,Clothing
2023-04-04,Female,37,3,500,1500,2023,4,280,CUST280,Clothing
2023-05-23,Female,29,4,500,2000,2023,5,281,CUST281,Beauty
2023-08-25,Female,64,4,50,200,2023,8,282,CUST282,Electronics
2023-05-08,Female,18,1,500,500,2023,5,283,CUST283,Electronics
2023-02-08,Male,43,4,50,200,2023,2,284,CUST284,Clothing
2023-08-15,Female,31,1,25,25,2023,8,285,CUST285,Electronics
2023-10-09,Male,55,2,25,50,2023,10,286,CUST286,Electronics
2023-02-20,Male,54,4,25,100,2023,2,287,CUST287,Clothing
2023-01-26,Male,28,4,30,120,2023,1,288,CUST288,Clothing
2023-11-30,Male,53,2,30,60,2023,11,289,CUST289,Electronics
2023-10-04,Female,30,2,300,600,2023,10,290,CUST290,Beauty
2023-01-08,Male,60,2,300,600,2023,1,291,CUST291,Clothing
2023-02-17,Male,20,4,300,1200,2023,2,292,CUST292,Beauty
2023-05-02,Male,50,3,30,90,2023,5,293,CUST293,Electronics
2023-03-27,Female,23,3,30,90,2023,3,294,CUST294,Clothing
2023-07-28,Female,27,3,300,900,2023,7,295,CUST295,Beauty
2023-09-06,Female,22,4,300,1200,2023,9,296,CUST296,Clothing
2023-09-04,Female,40,2,500,1000,2023,9,297,CUST297,Electronics
2023-04-20,Male,27,4,300,1200,2023,4,298,CUST298,Beauty
2023-07-25,Male,61,2,500,1000,2023,7,299,CUST299,Electronics
2023-01-31,Female,19,4,50,200,2023,1,300,CUST300,Electronics
2023-03-26,Male,30,4,30,120,2023,3,301,CUST301,Clothing
2023-07-14,Male,57,2,300,600,2023,7,302,CUST302,Beauty
2023-01-02,Male,19,3,30,90,2023,1,303,CUST303,Electronics
2023-07-19,Female,37,2,30,60,2023,7,304,CUST304,Electronics
2023-05-16,Female,18,1,30,30,2023,5,305,CUST305,Beauty
2023-08-21,Male,54,1,50,50,2023,8,306,CUST306,Electronics
2023-05-27,Female,26,2,25,50,2023,5,307,CUST307,Electronics
2023-08-05,Female,34,4,300,1200,2023,8,308,CUST308,Beauty
2023-12-23,Female,26,1,25,25,2023,12,309,CUST309,Beauty
2023-10-12,Female,28,1,25,25,2023,10,310,CUST310,Beauty
2023-12-05,Female,32,4,25,100,2023,12,311,CUST311,Beauty
2023-09-07,Male,41,4,30,120,2023,9,312,CUST312,Clothing
2023-03-21,Female,55,3,500,1500,2023,3,313,CUST313,Beauty
2023-04-08,Male,52,4,30,120,2023,4,314,CUST314,Clothing
2023-06-01,Male,47,2,30,60,2023,6,315,CUST315,Clothing
2023-04-22,Female,48,2,25,50,2023,4,316,CUST316,Clothing
2023-01-30,Male,22,3,30,90,2023,1,317,CUST317,Electronics
2023-10-24,Male,61,1,25,25,2023,10,318,CUST318,Clothing
2023-10-05,Male,31,1,500,500,2023,10,319,CUST319,Clothing
2023-02-01,Female,28,4,300,1200,2023,2,320,CUST320,Electronics
2023-06-10,Female,26,2,25,50,2023,6,321,CUST321,Electronics
2023-01-30,Male,51,1,500,500,2023,1,322,CUST322,Electronics
2023-01-26,Female,29,3,300,900,2023,1,323,CUST323,Beauty
2023-10-27,Female,52,3,50,150,2023,10,324,CUST324,Electronics
2023-09-02,Female,52,2,25,50,2023,9,325,CUST325,Electronics
2023-09-15,Female,18,3,25,75,2023,9,326,CUST326,Clothing
2023-09-29,Male,57,3,50,150,2023,9,327,CUST327,Electronics
2023-03-22,Male,39,2,50,100,2023,3,328,CUST328,Beauty
2023-01-30,Female,46,4,25,100,2023,1,329,CUST329,Electronics
2023-09-18,Female,25,4,50,200,2023,9,330,CUST330,Beauty
2023-02-11,Male,28,3,30,90,2023,2,331,CUST331,Electronics
2023-04-06,Male,58,4,300,1200,2023,4,332,CUST332,Electronics
2023-02-05,Female,54,4,300,1200,2023,2,333,CUST333,Electronics
2023-11-01,Male,31,3,300,900,2023,11,334,CUST334,Electronics
2023-02-04,Female,47,4,30,120,2023,2,335,CUST335,Beauty
2023-12-12,Female,52,3,50,150,2023,12,336,CUST336,Beauty
2023-05-01,Male,38,1,500,500,2023,5,337,CUST337,Clothing
2023-07-26,Male,54,2,50,100,2023,7,338,CUST338,Beauty
2023-03-03,Female,22,2,25,50,2023,3,339,CUST339,Electronics
2023-10-19,Female,36,4,300,1200,2023,10,340,CUST340,Clothing
2023-05-07,Male,31,4,50,200,2023,5,341,CUST341,Clothing
2023-10-24,Female,43,4,500,2000,2023,10,342,CUST342,Clothing
2023-11-01,Male,21,2,25,50,2023,11,343,CUST343,Electronics
2023-01-21,Female,42,1,30,30,2023,1,344,CUST344,Beauty
2023-11-14,Male,62,1,30,30,2023,11,345,CUST345,Electronics
2023-02-11,Male,59,2,500,1000,2023,2,346,CUST346,Clothing
2023-08-03,Male,42,1,25,25,2023,8,347,CUST347,Electronics
2023-12-03,Female,35,2,300,600,2023,12,348,CUST348,Electronics
2023-10-26,Female,57,1,50,50,2023,10,349,CUST349,Beauty
2023-10-17,Male,25,3,25,75,2023,10,350,CUST350,Beauty
2023-09-25,Female,56,3,30,90,2023,9,351,CUST351,Clothing
2023-06-11,Male,57,2,500,1000,2023,6,352,CUST352,Electronics
2023-05-14,Male,31,1,500,500,2023,5,353,CUST353,Electronics
2023-04-15,Female,49,4,50,200,2023,4,354,CUST354,Beauty
2023-12-09,Female,55,1,500,500,2023,12,355,CUST355,Electronics
2023-06-10,Male,50,3,500,1500,2023,6,356,CUST356,Electronics
2023-05-03,Female,40,3,25,75,2023,5,357,CUST357,Electronics
2023-05-16,Female,32,1,300,300,2023,5,358,CUST358,Beauty
2023-07-22,Male,50,1,50,50,2023,7,359,CUST359,Clothing
2023-03-09,Male,42,4,25,100,2023,3,360,CUST360,Clothing
2023-12-10,Female,34,4,300,1200,2023,12,361,CUST361,Electronics
2023-11-27,Male,50,1,25,25,2023,11,362,CUST362,Clothing
2023-06-03,Male,64,1,25,25,2023,6,363,CUST363,Beauty
2023-08-23,Female,19,1,500,500,2023,8,364,CUST364,Beauty
2023-06-11,Male,31,1,300,300,2023,6,365,CUST365,Clothing
2023-02-07,Male,57,2,50,100,2023,2,366,CUST366,Clothing
2023-01-05,Female,57,1,50,50,2023,1,367,CUST367,Electronics
2023-08-23,Female,56,4,300,1200,2023,8,368,CUST368,Clothing
2023-11-15,Male,23,3,500,1500,2023,11,369,CUST369,Electronics
2023-10-16,Male,23,2,30,60,2023,10,370,CUST370,Electronics
2023-02-21,Female,20,1,25,25,2023,2,371,CUST371,Beauty
2023-02-07,Female,24,3,500,1500,2023,2,372,CUST372,Beauty
2023-10-03,Female,25,2,300,600,2023,10,373,CUST373,Beauty
2023-04-20,Female,59,3,25,75,2023,4,374,CUST374,Beauty
2023-09-17,Male,32,1,50,50,2023,9,375,CUST375,Clothing
2023-05-16,Female,64,1,30,30,2023,5,376,CUST376,Beauty
2023-03-09,Female,46,4,50,200,2023,3,377,CUST377,Clothing
2023-06-28,Male,50,1,300,300,2023,6,378,CUST378,Beauty
2023-02-05,Female,47,1,25,25,2023,2,379,CUST379,Clothing
2023-05-06,Male,56,2,300,600,2023,5,380,CUST380,Electronics
2023-07-09,Female,44,4,25,100,2023,7,381,CUST381,Clothing
2023-05-26,Female,53,2,500,1000,2023,5,382,CUST382,Clothing
2023-03-22,Female,46,3,30,90,2023,3,383,CUST383,Beauty
2023-08-13,Male,55,1,500,500,2023,8,384,CUST384,Clothing
2023-10-06,Male,50,3,500,1500,2023,10,385,CUST385,Electronics
2023-12-27,Female,54,2,300,600,2023,12,386,CUST386,Electronics
2023-06-04,Male,44,1,30,30,2023,6,387,CUST387,Beauty
2023-11-10,Male,50,1,25,25,2023,11,388,CUST388,Electronics
2023-12-01,Male,21,2,25,50,2023,12,389,CUST389,Clothing
2023-09-28,Male,39,2,50,100,2023,9,390,CUST390,Electronics
2023-01-05,Male,19,2,25,50,2023,1,391,CUST391,Beauty
2023-12-08,Male,27,2,300,600,2023,12,392,CUST392,Clothing
2023-10-11,Female,22,2,500,1000,2023,10,393,CUST393,Beauty
2023-06-03,Female,27,1,500,500,2023,6,394,CUST394,Clothing
2023-12-06,Male,50,2,500,1000,2023,12,395,CUST395,Electronics
2023-02-23,Female,55,1,30,30,2023,2,396,CUST396,Beauty
2023-03-10,Female,30,1,25,25,2023,3,397,CUST397,Beauty
2023-05-16,Female,48,2,300,600,2023,5,398,CUST398,Clothing
2023-03-01,Female,64,2,30,60,2023,3,399,CUST399,Beauty
2023-02-24,Male,53,4,50,200,2023,2,400,CUST400,Clothing
2023-10-11,Female,62,1,300,300,2023,10,401,CUST401,Clothing
2023-03-21,Female,41,2,300,600,2023,3,402,CUST402,Clothing
2023-05-20,Male,32,2,300,600,2023,5,403,CUST403,Clothing
2023-05-25,Male,46,2,500,1000,2023,5,404,CUST404,Electronics
2023-11-06,Female,25,4,300,1200,2023,11,405,CUST405,Clothing
2023-04-18,Female,22,4,25,100,2023,4,406,CUST406,Beauty
2023-06-25,Female,46,3,300,900,2023,6,407,CUST407,Electronics
2023-04-15,Female,64,1,500,500,2023,4,408,CUST408,Beauty
2023-12-18,Female,21,3,300,900,2023,12,409,CUST409,Electronics
2023-11-21,Female,29,2,50,100,2023,11,410,CUST410,Clothing
2023-05-16,Male,62,4,50,200,2023,5,411,CUST411,Electronics
2023-09-16,Female,19,4,500,2000,2023,9,412,CUST412,Electronics
2023-09-08,Female,44,3,25,75,2023,9,413,CUST413,Beauty
2023-05-09,Male,48,4,25,100,2023,5,414,CUST414,Beauty
2023-01-27,Male,53,2,30,60,2023,1,415,CUST415,Clothing
2023-02-17,Male,53,4,500,2000,2023,2,416,CUST416,Electronics
2023-11-21,Male,43,3,300,900,2023,11,417,CUST417,Electronics
2023-08-05,Female,60,2,500,1000,2023,8,418,CUST418,Electronics
2023-05-22,Female,44,3,30,90,2023,5,419,CUST419,Clothing
2023-01-23,Female,22,4,500,2000,2023,1,420,CUST420,Clothing
2023-01-02,Female,37,3,500,1500,2023,1,421,CUST421,Clothing
2023-06-20,Female,28,3,30,90,2023,6,422,CUST422,Clothing
2023-03-08,Female,27,1,25,25,2023,3,423,CUST423,Clothing
2023-11-23,Male,57,4,300,1200,2023,11,424,CUST424,Beauty
2023-05-15,Female,55,4,30,120,2023,5,425,CUST425,Electronics
2023-03-24,Male,23,3,50,150,2023,3,426,CUST426,Electronics
2023-08-15,Male,25,1,25,25,2023,8,427,CUST427,Electronics
2023-10-10,Female,40,4,50,200,2023,10,428,CUST428,Electronics
2023-12-28,Male,64,2,25,50,2023,12,429,CUST429,Electronics
2023-08-07,Female,43,3,300,900,2023,8,430,CUST430,Electronics
2023-10-15,Male,63,4,300,1200,2023,10,431,CUST431,Electronics
2023-01-05,Female,60,2,500,1000,2023,1,432,CUST432,Electronics
2023-02-27,Male,29,4,50,200,2023,2,433,CUST433,Beauty
2023-02-08,Female,43,2,25,50,2023,2,434,CUST434,Electronics
2023-12-20,Female,30,3,300,900,2023,12,435,CUST435,Beauty
2023-03-18,Female,57,4,30,120,2023,3,436,CUST436,Clothing
2023-10-07,Female,35,4,300,1200,2023,10,437,CUST437,Electronics
2023-01-19,Female,42,1,30,30,2023,1,438,CUST438,Clothing
2023-07-09,Male,50,3,25,75,2023,7,439,CUST439,Clothing
2023-10-26,Male,64,2,300,600,2023,10,440,CUST440,Clothing
2023-10-10,Male,57,4,300,1200,2023,10,441,CUST441,Beauty
2023-03-17,Female,60,4,25,100,2023,3,442,CUST442,Clothing
2023-08-09,Male,29,2,300,600,2023,8,443,CUST443,Clothing
2023-03-07,Female,61,3,30,90,2023,3,444,CUST444,Clothing
2023-01-22,Female,53,1,300,300,2023,1,445,CUST445,Electronics
2023-06-07,Male,21,1,50,50,2023,6,446,CUST446,Electronics
2023-07-06,Male,22,4,500,2000,2023,7,447,CUST447,Beauty
2023-01-21,Female,54,2,30,60,2023,1,448,CUST448,Beauty
2023-07-03,Male,25,4,50,200,2023,7,449,CUST449,Electronics
2023-04-18,Female,59,2,25,50,2023,4,450,CUST450,Beauty
2023-12-16,Female,45,1,30,30,2023,12,451,CUST451,Electronics
2023-05-08,Female,48,3,500,1500,2023,5,452,CUST452,Clothing
2023-12-08,Female,26,2,500,1000,2023,12,453,CUST453,Clothing
2023-02-22,Female,46,1,25,25,2023,2,454,CUST454,Beauty
2023-07-01,Male,31,4,25,100,2023,7,455,CUST455,Electronics
2023-10-14,Male,57,2,30,60,2023,10,456,CUST456,Electronics
2023-07-28,Female,58,3,300,900,2023,7,457,CUST457,Beauty
2023-11-14,Female,39,4,25,100,2023,11,458,CUST458,Electronics
2023-03-21,Male,28,4,300,1200,2023,3,459,CUST459,Clothing
2023-05-02,Male,40,1,50,50,2023,5,460,CUST460,Beauty
2023-03-25,Female,18,2,500,1000,2023,3,461,CUST461,Beauty
2023-04-01,Male,63,4,300,1200,2023,4,462,CUST462,Electronics
2023-07-31,Female,54,3,500,1500,2023,7,463,CUST463,Beauty
2023-01-13,Male,38,2,300,600,2023,1,464,CUST464,Electronics
2023-04-02,Female,43,3,50,150,2023,4,465,CUST465,Electronics
2023-06-20,Male,63,4,25,100,2023,6,466,CUST466,Electronics
2023-07-30,Female,53,3,50,150,2023,7,467,CUST467,Electronics
2023-12-09,Male,40,1,25,25,2023,12,468,CUST468,Electronics
2023-05-08,Male,18,3,25,75,2023,5,469,CUST469,Beauty
2023-05-17,Female,57,2,500,1000,2023,5,470,CUST470,Clothing
2023-03-23,Male,32,3,50,150,2023,3,471,CUST471,Clothing
2023-12-26,Female,38,3,300,900,2023,12,472,CUST472,Beauty
2023-02-25,Male,64,1,50,50,2023,2,473,CUST473,Beauty
2023-07-15,Female,26,3,500,1500,2023,7,474,CUST474,Clothing
2023-01-20,Male,26,3,25,75,2023,1,475,CUST475,Clothing
2023-08-29,Female,27,4,500,2000,2023,8,476,CUST476,Clothing
2023-04-24,Male,43,4,30,120,2023,4,477,CUST477,Clothing
2023-04-13,Female,58,2,30,60,2023,4,478,CUST478,Clothing
2023-08-24,Male,52,4,300,1200,2023,8,479,CUST479,Electronics
2023-06-29,Female,42,4,500,2000,2023,6,480,CUST480,Beauty
2023-06-06,Female,43,4,300,1200,2023,6,481,CUST481,Electronics
2023-04-27,Female,28,4,300,1200,2023,4,482,CUST482,Clothing
2023-04-25,Male,55,1,30,30,2023,4,483,CUST483,Clothing
2023-01-13,Female,19,4,300,1200,2023,1,484,CUST484,Clothing
2023-12-04,Male,24,1,30,30,2023,12,485,CUST485,Electronics
2023-04-09,Female,35,1,25,25,2023,4,486,CUST486,Electronics
2023-07-24,Male,44,4,500,2000,2023,7,487,CUST487,Clothing
2023-06-18,Female,51,3,300,900,2023,6,488,CUST488,Electronics
2023-05-23,Male,44,1,30,30,2023,5,489,CUST489,Electronics
2023-02-05,Male,34,3,50,150,2023,2,490,CUST490,Clothing
2023-05-23,Female,60,3,300,900,2023,5,491,CUST491,Electronics
2023-06-29,Male,61,4,25,100,2023,6,492,CUST492,Beauty
2023-11-25,Male,41,2,25,50,2023,11,493,CUST493,Beauty
2023-09-18,Female,42,4,50,200,2023,9,494,CUST494,Beauty
2023-07-24,Male,24,2,30,60,2023,7,495,CUST495,Beauty
2023-12-14,Male,23,2,300,600,2023,12,496,CUST496,Clothing
2023-10-02,Male,41,4,30,120,2023,10,497,CUST497,Clothing
2023-06-19,Female,50,4,25,100,2023,6,498,CUST498,Clothing
2023-01-15,Male,46,2,30,60,2023,1,499,CUST499,Beauty
2023-03-01,Female,60,4,25,100,2023,3,500,CUST500,Beauty
2023-05-14,Male,39,2,30,60,2023,5,501,CUST501,Electronics
2023-04-02,Male,43,3,50,150,2023,4,502,CUST502,Electronics
2023-10-25,Male,45,4,500,2000,2023,10,503,CUST503,Beauty
2023-05-16,Female,38,3,50,150,2023,5,504,CUST504,Beauty
2023-01-20,Male,24,1,50,50,2023,1,505,CUST505,Beauty
2023-02-25,Male,34,3,500,1500,2023,2,506,CUST506,Beauty
2023-11-02,Female,37,3,500,1500,2023,11,507,CUST507,Electronics
2023-08-11,Male,58,2,300,600,2023,8,508,CUST508,Beauty
2023-06-26,Female,37,3,300,900,2023,6,509,CUST509,Electronics
2023-06-10,Female,39,4,50,200,2023,6,510,CUST510,Beauty
2023-08-12,Male,45,2,50,100,2023,8,511,CUST511,Beauty
2023-11-07,Female,57,1,25,25,2023,11,512,CUST512,Beauty
2023-09-19,Male,24,4,25,100,2023,9,513,CUST513,Electronics
2023-03-01,Female,18,1,300,300,2023,3,514,CUST514,Electronics
2023-07-17,Female,49,3,300,900,2023,7,515,CUST515,Clothing
2023-10-23,Male,30,4,25,100,2023,10,516,CUST516,Beauty
2023-04-08,Female,47,4,25,100,2023,4,517,CUST517,Clothing
2023-05-11,Female,40,1,30,30,2023,5,518,CUST518,Clothing
2023-01-23,Female,36,4,30,120,2023,1,519,CUST519,Electronics
2023-12-29,Female,49,4,25,100,2023,12,520,CUST520,Electronics
2023-08-12,Female,47,4,30,120,2023,8,521,CUST521,Clothing
2023-01-01,Male,46,3,500,1500,2023,1,522,CUST522,Beauty
2023-09-24,Female,62,1,300,300,2023,9,523,CUST523,Electronics
2023-10-03,Male,46,4,300,1200,2023,10,524,CUST524,Beauty
2023-12-18,Female,47,2,25,50,2023,12,525,CUST525,Beauty
2023-12-10,Male,33,2,50,100,2023,12,526,CUST526,Clothing
2023-04-11,Male,57,2,25,50,2023,4,527,CUST527,Clothing
2023-07-06,Female,36,2,30,60,2023,7,528,CUST528,Clothing
2023-08-09,Female,35,3,50,150,2023,8,529,CUST529,Clothing
2023-02-05,Female,18,4,30,120,2023,2,530,CUST530,Electronics
2023-12-07,Male,31,1,500,500,2023,12,531,CUST531,Electronics
2023-06-19,Female,64,4,30,120,2023,6,532,CUST532,Clothing
2023-11-16,Male,19,3,500,1500,2023,11,533,CUST533,Electronics
2023-06-10,Male,45,2,500,1000,2023,6,534,CUST534,Clothing
2023-12-06,Male,47,3,30,90,2023,12,535,CUST535,Beauty
2023-03-05,Female,55,4,30,120,2023,3,536,CUST536,Beauty
2023-06-03,Female,21,1,500,500,2023,6,537,CUST537,Beauty
2023-09-17,Male,18,3,50,150,2023,9,538,CUST538,Clothing
2023-06-08,Male,25,1,500,500,2023,6,539,CUST539,Beauty
2023-12-08,Female,46,3,300,900,2023,12,540,CUST540,Electronics
2023-07-29,Male,56,1,500,500,2023,7,541,CUST541,Beauty
2023-06-17,Female,20,1,50,50,2023,6,542,CUST542,Beauty
2023-07-26,Male,49,2,300,600,2023,7,543,CUST543,Beauty
2023-12-23,Female,27,1,25,25,2023,12,544,CUST544,Electronics
2023-06-01,Male,27,2,25,50,2023,6,545,CUST545,Clothing
2023-10-11,Female,36,4,50,200,2023,10,546,CUST546,Electronics
2023-03-07,Male,63,4,500,2000,2023,3,547,CUST547,Clothing
2023-04-09,Female,51,2,30,60,2023,4,548,CUST548,Clothing
2023-08-04,Female,50,2,50,100,2023,8,549,CUST549,Beauty
2023-12-07,Male,40,3,300,900,2023,12,550,CUST550,Clothing
2023-07-14,Male,45,3,300,900,2023,7,551,CUST551,Electronics
2023-12-13,Female,49,3,25,75,2023,12,552,CUST552,Electronics
2023-03-31,Male,24,4,300,1200,2023,3,553,CUST553,Clothing
2023-11-12,Female,46,3,50,150,2023,11,554,CUST554,Beauty
2023-10-19,Male,25,1,300,300,2023,10,555,CUST555,Beauty
2023-06-04,Female,18,1,50,50,2023,6,556,CUST556,Electronics
2023-07-27,Female,20,3,30,90,2023,7,557,CUST557,Beauty
2023-10-08,Female,41,1,25,25,2023,10,558,CUST558,Clothing
2023-01-01,Female,40,4,300,1200,2023,1,559,CUST559,Clothing
2023-06-05,Female,25,1,50,50,2023,6,560,CUST560,Electronics
2023-05-27,Female,64,4,500,2000,2023,5,561,CUST561,Clothing
2023-04-18,Male,54,2,25,50,2023,4,562,CUST562,Electronics
2023-08-09,Male,20,2,30,60,2023,8,563,CUST563,Clothing
2023-10-24,Male,50,2,50,100,2023,10,564,CUST564,Electronics
2023-11-07,Female,45,2,30,60,2023,11,565,CUST565,Beauty
2023-12-02,Female,64,1,30,30,2023,12,566,CUST566,Clothing
2023-06-14,Female,25,3,300,900,2023,6,567,CUST567,Clothing
2023-08-27,Female,51,1,300,300,2023,8,568,CUST568,Electronics
2023-08-15,Male,52,4,50,200,2023,8,569,CUST569,Electronics
2023-08-15,Male,49,1,500,500,2023,8,570,CUST570,Clothing
2023-12-12,Female,41,1,50,50,2023,12,571,CUST571,Electronics
2023-04-20,Male,31,4,500,2000,2023,4,572,CUST572,Clothing
2023-09-19,Male,49,2,30,60,2023,9,573,CUST573,Beauty
2023-08-31,Female,63,2,25,50,2023,8,574,CUST574,Electronics
2023-03-28,Male,60,2,50,100,2023,3,575,CUST575,Clothing
2023-12-04,Female,33,3,50,150,2023,12,576,CUST576,Beauty
2023-02-13,Male,21,4,500,2000,2023,2,577,CUST577,Beauty
2023-05-26,Female,54,4,30,120,2023,5,578,CUST578,Clothing
2023-09-21,Female,38,1,30,30,2023,9,579,CUST579,Electronics
2023-12-06,Female,31,3,500,1500,2023,12,580,CUST580,Clothing
2023-11-21,Female,48,2,30,60,2023,11,581,CUST581,Beauty
2023-11-14,Male,35,3,300,900,2023,11,582,CUST582,Clothing
2023-06-21,Female,24,4,25,100,2023,6,583,CUST583,Electronics
2023-02-17,Female,27,4,50,200,2023,2,584,CUST584,Beauty
2023-05-01,Female,24,1,25,25,2023,5,585,CUST585,Clothing
2023-12-11,Male,50,1,50,50,2023,12,586,CUST586,Electronics
2023-06-08,Female,40,4,300,1200,2023,6,587,CUST587,Beauty
2023-04-26,Male,38,2,30,60,2023,4,588,CUST588,Electronics
2023-04-12,Female,36,2,500,1000,2023,4,589,CUST589,Beauty
2023-03-17,Male,36,3,300,900,2023,3,590,CUST590,Clothing
2023-01-13,Male,53,4,25,100,2023,1,591,CUST591,Electronics
2023-01-24,Female,46,4,500,2000,2023,1,592,CUST592,Beauty
2023-05-06,Male,35,2,30,60,2023,5,593,CUST593,Electronics
2023-09-01,Female,19,2,300,600,2023,9,594,CUST594,Electronics
2023-11-09,Female,18,4,500,2000,2023,11,595,CUST595,Clothing
2023-02-07,Female,64,1,300,300,2023,2,596,CUST596,Electronics
2023-08-22,Male,22,4,300,1200,2023,8,597,CUST597,Beauty
2023-08-01,Male,37,4,30,120,2023,8,598,CUST598,Beauty
2023-11-19,Female,28,2,50,100,2023,11,599,CUST599,Beauty
2023-10-22,Female,59,2,500,1000,2023,10,600,CUST600,Beauty
2023-04-10,Male,19,1,30,30,2023,4,601,CUST601,Clothing
2023-12-23,Female,20,1,300,300,2023,12,602,CUST602,Electronics
2023-07-16,Female,40,3,30,90,2023,7,603,CUST603,Clothing
2023-09-11,Female,29,4,50,200,2023,9,604,CUST604,Electronics
2023-07-24,Male,37,2,500,1000,2023,7,605,CUST605,Electronics
2023-05-05,Male,22,1,50,50,2023,5,606,CUST606,Electronics
2023-03-17,Male,54,3,25,75,2023,3,607,CUST607,Clothing
2023-12-02,Female,55,3,500,1500,2023,12,608,CUST608,Electronics
2023-12-19,Female,47,2,50,100,2023,12,609,CUST609,Clothing
2023-01-03,Female,26,2,300,600,2023,1,610,CUST610,Beauty
2023-02-24,Male,51,3,500,1500,2023,2,611,CUST611,Beauty
2023-08-06,Female,61,1,500,500,2023,8,612,CUST612,Electronics
2023-04-23,Female,52,3,30,90,2023,4,613,CUST613,Clothing
2023-04-01,Female,39,4,300,1200,2023,4,614,CUST614,Beauty
2023-12-23,Female,61,4,25,100,2023,12,615,CUST615,Clothing
2023-09-23,Male,41,2,50,100,2023,9,616,CUST616,Clothing
2023-08-26,Male,34,1,30,30,2023,8,617,CUST617,Electronics
2023-01-26,Female,27,1,50,50,2023,1,618,CUST618,Beauty
2023-10-13,Male,47,4,25,100,2023,10,619,CUST619,Electronics
2023-05-08,Male,63,3,25,75,2023,5,620,CUST620,Electronics
2023-03-04,Female,40,2,500,1000,2023,3,621,CUST621,Beauty
2023-08-22,Female,49,3,25,75,2023,8,622,CUST622,Beauty
2023-03-10,Male,34,3,50,150,2023,3,623,CUST623,Clothing
2023-08-26,Female,34,3,300,900,2023,8,624,CUST624,Beauty
2023-12-08,Male,31,1,300,300,2023,12,625,CUST625,Clothing
2023-09-29,Female,26,4,500,2000,2023,9,626,CUST626,Clothing
2023-10-14,Male,57,1,50,50,2023,10,627,CUST627,Clothing
2023-11-01,Female,19,4,50,200,2023,11,628,CUST628,Beauty
2023-06-12,Male,62,2,25,50,2023,6,629,CUST629,Electronics
2023-08-15,Male,42,2,50,100,2023,8,630,CUST630,Clothing
2023-11-10,Male,56,3,30,90,2023,11,631,CUST631,Electronics
2023-09-16,Female,26,4,25,100,2023,9,632,CUST632,Electronics
2023-08-07,Male,39,4,30,120,2023,8,633,CUST633,Beauty
2023-10-08,Male,60,4,500,2000,2023,10,634,CUST634,Electronics
2023-08-17,Female,63,3,300,900,2023,8,635,CUST635,Electronics
2023-03-23,Female,21,3,500,1500,2023,3,636,CUST636,Beauty
2023-09-01,Male,43,2,300,600,2023,9,637,CUST637,Clothing
2023-08-19,Male,46,1,500,500,2023,8,638,CUST638,Electronics
2023-05-13,Female,62,4,50,200,2023,5,639,CUST639,Beauty
2023-05-07,Female,51,4,30,120,2023,5,640,CUST640,Electronics
2023-11-23,Female,40,1,300,300,2023,11,641,CUST641,Electronics
2023-05-22,Female,54,4,25,100,2023,5,642,CUST642,Clothing
2023-09-24,Female,28,3,30,90,2023,9,643,CUST643,Electronics
2023-09-06,Male,23,3,25,75,2023,9,644,CUST644,Beauty
2023-11-17,Female,35,4,30,120,2023,11,645,CUST645,Electronics
2023-05-03,Male,38,3,30,90,2023,5,646,CUST646,Clothing
2023-05-21,Male,59,3,500,1500,2023,5,647,CUST647,Clothing
2023-08-14,Male,53,4,300,1200,2023,8,648,CUST648,Beauty
2023-02-09,Female,58,2,300,600,2023,2,649,CUST649,Clothing
2024-01-01,Male,55,1,30,30,2024,1,650,CUST650,Electronics
2023-05-27,Male,51,3,50,150,2023,5,651,CUST651,Clothing
2023-05-01,Female,34,2,50,100,2023,5,652,CUST652,Beauty
2023-05-20,Male,54,3,25,75,2023,5,653,CUST653,Clothing
2023-06-21,Male,42,3,25,75,2023,6,654,CUST654,Clothing
2023-06-13,Female,55,1,500,500,2023,6,655,CUST655,Clothing
2023-10-04,Male,29,3,30,90,2023,10,656,CUST656,Beauty
2023-02-11,Male,40,1,25,25,2023,2,657,CUST657,Clothing
2023-03-12,Male,59,1,25,25,2023,3,658,CUST658,Clothing
2023-03-19,Female,39,1,30,30,2023,3,659,CUST659,Electronics
2023-04-29,Female,38,2,500,1000,2023,4,660,CUST660,Beauty
2023-07-16,Female,44,4,25,100,2023,7,661,CUST661,Clothing
2023-12-22,Male,48,2,500,1000,2023,12,662,CUST662,Beauty
2023-03-20,Male,23,4,300,1200,2023,3,663,CUST663,Clothing
2023-12-28,Female,44,4,500,2000,2023,12,664,CUST664,Clothing
2023-04-20,Male,57,1,50,50,2023,4,665,CUST665,Clothing
2023-02-02,Male,51,3,50,150,2023,2,666,CUST666,Electronics
2023-08-01,Female,29,1,500,500,2023,8,667,CUST667,Electronics
2023-07-28,Female,62,3,50,150,2023,7,668,CUST668,Electronics
2023-06-19,Male,24,4,300,1200,2023,6,669,CUST669,Beauty
2023-10-05,Male,27,1,30,30,2023,10,670,CUST670,Beauty
2023-08-27,Male,62,3,50,150,2023,8,671,CUST671,Electronics
2023-08-01,Female,34,2,50,100,2023,8,672,CUST672,Beauty
2023-02-01,Female,43,3,500,1500,2023,2,673,CUST673,Clothing
2023-04-16,Female,38,1,300,300,2023,4,674,CUST674,Clothing
2023-08-04,Female,45,2,30,60,2023,8,675,CUST675,Clothing
2023-07-19,Male,63,3,500,1500,2023,7,676,CUST676,Electronics
2023-10-27,Female,19,3,500,1500,2023,10,677,CUST677,Beauty
2023-12-23,Female,60,3,300,900,2023,12,678,CUST678,Electronics
2023-01-11,Female,18,3,30,90,2023,1,679,CUST679,Beauty
2023-10-22,Female,53,3,300,900,2023,10,680,CUST680,Clothing
2023-07-14,Female,43,2,30,60,2023,7,681,CUST681,Electronics
2023-09-02,Male,46,4,300,1200,2023,9,682,CUST682,Beauty
2023-01-04,Male,38,2,500,1000,2023,1,683,CUST683,Beauty
2023-06-30,Female,28,2,500,1000,2023,6,684,CUST684,Clothing
2023-06-02,Male,57,2,25,50,2023,6,685,CUST685,Electronics
2023-07-19,Female,28,4,50,200,2023,7,686,CUST686,Electronics
2023-08-03,Female,53,1,300,300,2023,8,687,CUST687,Electronics
2023-10-03,Male,56,4,25,100,2023,10,688,CUST688,Clothing
2023-10-07,Male,57,2,50,100,2023,10,689,CUST689,Electronics
2023-11-05,Female,52,3,300,900,2023,11,690,CUST690,Clothing
2023-04-23,Female,51,3,30,90,2023,4,691,CUST691,Clothing
2023-09-07,Female,64,2,50,100,2023,9,692,CUST692,Clothing
2023-04-23,Male,41,3,500,1500,2023,4,693,CUST693,Beauty
2023-05-20,Female,39,2,25,50,2023,5,694,CUST694,Electronics
2023-08-12,Female,22,3,50,150,2023,8,695,CUST695,Electronics
2023-09-06,Female,50,4,50,200,2023,9,696,CUST696,Clothing
2023-01-15,Male,53,1,500,500,2023,1,697,CUST697,Clothing
2023-07-19,Female,64,1,300,300,2023,7,698,CUST698,Electronics
2023-06-22,Female,37,4,30,120,2023,6,699,CUST699,Clothing
2023-12-09,Male,36,4,500,2000,2023,12,700,CUST700,Electronics
2023-12-14,Female,52,2,30,60,2023,12,701,CUST701,Beauty
2023-07-27,Female,60,2,300,600,2023,7,702,CUST702,Clothing
2023-03-26,Male,34,2,50,100,2023,3,703,CUST703,Electronics
2023-08-28,Female,62,3,30,90,2023,8,704,CUST704,Clothing
2023-03-07,Male,60,2,25,50,2023,3,705,CUST705,Electronics
2023-11-15,Male,51,4,25,100,2023,11,706,CUST706,Electronics
2023-10-01,Female,26,1,500,500,2023,10,707,CUST707,Clothing
2023-01-14,Female,43,3,300,900,2023,1,708,CUST708,Beauty
2023-07-21,Female,19,2,500,1000,2023,7,709,CUST709,Electronics
2023-10-31,Female,26,3,500,1500,2023,10,710,CUST710,Electronics
2023-10-16,Male,26,3,500,1500,2023,10,711,CUST711,Electronics
2023-12-06,Female,57,2,25,50,2023,12,712,CUST712,Beauty
2023-01-14,Male,34,3,25,75,2023,1,713,CUST713,Beauty
2023-02-12,Female,18,1,500,500,2023,2,714,CUST714,Clothing
2023-11-26,Female,42,4,25,100,2023,11,715,CUST715,Beauty
2023-08-08,Female,60,4,300,1200,2023,8,716,CUST716,Clothing
2023-03-11,Male,57,1,500,500,2023,3,717,CUST717,Clothing
2023-08-25,Female,59,3,25,75,2023,8,718,CUST718,Beauty
2023-04-04,Female,42,2,30,60,2023,4,719,CUST719,Clothing
2023-01-26,Female,56,3,500,1500,2023,1,720,CUST720,Beauty
2023-05-14,Female,52,1,500,500,2023,5,721,CUST721,Clothing
2023-07-14,Male,20,3,300,900,2023,7,722,CUST722,Beauty
2023-06-17,Female,54,4,50,200,2023,6,723,CUST723,Beauty
2023-04-19,Male,61,3,50,150,2023,4,724,CUST724,Clothing
2023-08-21,Male,61,1,300,300,2023,8,725,CUST725,Electronics
2023-06-17,Male,47,4,300,1200,2023,6,726,CUST726,Clothing
2023-06-22,Male,55,3,300,900,2023,6,727,CUST727,Beauty
2023-07-14,Male,51,3,50,150,2023,7,728,CUST728,Electronics
2023-05-23,Male,29,4,300,1200,2023,5,729,CUST729,Clothing
2023-08-04,Female,36,2,25,50,2023,8,730,CUST730,Clothing
2023-05-10,Male,54,4,500,2000,2023,5,731,CUST731,Clothing
2023-02-11,Male,61,2,500,1000,2023,2,732,CUST732,Electronics
2023-08-29,Male,34,1,30,30,2023,8,733,CUST733,Beauty
2023-01-10,Female,27,1,30,30,2023,1,734,CUST734,Clothing
2023-10-04,Female,64,4,500,2000,2023,10,735,CUST735,Clothing
2023-01-27,Male,29,4,25,100,2023,1,736,CUST736,Clothing
2023-06-29,Female,33,1,50,50,2023,6,737,CUST737,Clothing
2023-04-25,Male,41,2,50,100,2023,4,738,CUST738,Clothing
2023-11-29,Male,36,1,25,25,2023,11,739,CUST739,Beauty
2023-02-05,Female,25,4,50,200,2023,2,740,CUST740,Beauty
2023-11-30,Male,48,1,300,300,2023,11,741,CUST741,Clothing
2023-01-21,Female,38,4,500,2000,2023,1,742,CUST742,Electronics
2023-01-16,Female,34,4,500,2000,2023,1,743,CUST743,Beauty
2023-05-07,Male,40,1,25,25,2023,5,744,CUST744,Electronics
2023-04-13,Male,54,2,50,100,2023,4,745,CUST745,Beauty
2023-01-11,Female,33,3,30,90,2023,1,746,CUST746,Clothing
2023-11-15,Male,23,1,30,30,2023,11,747,CUST747,Beauty
2023-03-20,Male,25,3,50,150,2023,3,748,CUST748,Clothing
2023-05-03,Male,42,1,30,30,2023,5,749,CUST749,Beauty
2023-03-06,Female,35,3,25,75,2023,3,750,CUST750,Clothing
2023-08-31,Female,42,2,25,50,2023,8,751,CUST751,Clothing
2023-12-09,Male,29,2,50,100,2023,12,752,CUST752,Clothing
2023-02-28,Female,32,1,30,30,2023,2,753,CUST753,Clothing
2023-10-16,Female,43,4,25,100,2023,10,754,CUST754,Electronics
2023-04-22,Female,58,3,25,75,2023,4,755,CUST755,Clothing
2023-08-27,Female,62,4,300,1200,2023,8,756,CUST756,Electronics
2023-12-25,Female,43,4,300,1200,2023,12,757,CUST757,Electronics
2023-05-12,Male,64,4,25,100,2023,5,758,CUST758,Clothing
2023-07-08,Male,49,2,50,100,2023,7,759,CUST759,Electronics
2023-03-27,Male,27,1,500,500,2023,3,760,CUST760,Beauty
2023-11-07,Female,33,1,500,500,2023,11,761,CUST761,Clothing
2023-11-07,Female,24,2,25,50,2023,11,762,CUST762,Electronics
2023-02-28,Male,34,2,25,50,2023,2,763,CUST763,Clothing
2023-03-25,Female,40,1,25,25,2023,3,764,CUST764,Clothing
2023-06-09,Male,43,4,50,200,2023,6,765,CUST765,Clothing
2023-02-25,Male,38,3,300,900,2023,2,766,CUST766,Electronics
2023-10-24,Male,39,3,25,75,2023,10,767,CUST767,Beauty
2023-01-14,Female,24,3,25,75,2023,1,768,CUST768,Beauty
2023-06-09,Female,31,4,30,120,2023,6,769,CUST769,Electronics
2023-10-22,Male,32,1,50,50,2023,10,770,CUST770,Clothing
2023-12-13,Male,24,2,25,50,2023,12,771,CUST771,Electronics
2023-07-12,Male,26,1,30,30,2023,7,772,CUST772,Electronics
2023-07-23,Male,25,4,500,2000,2023,7,773,CUST773,Electronics
2023-04-12,Female,40,2,25,50,2023,4,774,CUST774,Clothing
2023-02-08,Female,46,4,25,100,2023,2,775,CUST775,Electronics
2023-10-31,Male,35,3,30,90,2023,10,776,CUST776,Clothing
2023-12-20,Male,48,3,50,150,2023,12,777,CUST777,Electronics
2023-11-18,Female,47,4,25,100,2023,11,778,CUST778,Beauty
2023-05-05,Female,56,2,500,1000,2023,5,779,CUST779,Electronics
2023-02-22,Male,52,2,25,50,2023,2,780,CUST780,Electronics
2023-12-23,Male,35,1,500,500,2023,12,781,CUST781,Beauty
2023-06-04,Male,59,3,300,900,2023,6,782,CUST782,Clothing
2023-12-17,Female,56,1,300,300,2023,12,783,CUST783,Clothing
2023-11-04,Female,34,1,500,500,2023,11,784,CUST784,Electronics
2023-03-03,Female,31,4,50,200,2023,3,785,CUST785,Beauty
2023-10-17,Male,48,4,25,100,2023,10,786,CUST786,Clothing
2023-01-22,Male,41,1,25,25,2023,1,787,CUST787,Electronics
2023-06-27,Female,52,3,300,900,2023,6,788,CUST788,Beauty
2023-09-30,Female,61,4,500,2000,2023,9,789,CUST789,Clothing
2023-08-08,Male,62,1,25,25,2023,8,790,CUST790,Clothing
2023-12-05,Female,51,1,25,25,2023,12,791,CUST791,Beauty
2023-07-09,Female,20,1,50,50,2023,7,792,CUST792,Beauty
2023-02-05,Male,54,1,30,30,2023,2,793,CUST793,Beauty
2023-09-17,Female,60,1,300,300,2023,9,794,CUST794,Beauty
2023-11-28,Male,57,1,300,300,2023,11,795,CUST795,Electronics
2023-06-24,Male,43,4,30,120,2023,6,796,CUST796,Beauty
2023-01-07,Male,40,3,25,75,2023,1,797,CUST797,Clothing
2023-08-04,Male,61,1,50,50,2023,8,798,CUST798,Clothing
2023-09-08,Male,56,2,50,100,2023,9,799,CUST799,Electronics
2023-02-24,Male,32,4,300,1200,2023,2,800,CUST800,Clothing
2023-08-10,Male,21,4,50,200,2023,8,801,CUST801,Clothing
2023-07-05,Female,46,1,30,30,2023,7,802,CUST802,Beauty
2023-11-22,Male,39,4,25,100,2023,11,803,CUST803,Clothing
2023-08-24,Male,42,1,30,30,2023,8,804,CUST804,Electronics
2023-12-29,Female,30,3,500,1500,2023,12,805,CUST805,Beauty
2023-03-20,Female,35,3,300,900,2023,3,806,CUST806,Beauty
2023-08-11,Female,50,4,50,200,2023,8,807,CUST807,Electronics
2023-04-01,Male,33,4,500,2000,2023,4,808,CUST808,Beauty
2023-09-25,Female,62,2,50,100,2023,9,809,CUST809,Beauty
2023-11-30,Male,59,4,25,100,2023,11,810,CUST810,Electronics
2023-05-19,Male,61,2,25,50,2023,5,811,CUST811,Beauty
2023-11-12,Male,19,3,25,75,2023,11,812,CUST812,Electronics
2023-10-03,Male,52,3,50,150,2023,10,813,CUST813,Electronics
2023-09-05,Female,59,1,500,500,2023,9,814,CUST814,Clothing
2023-08-27,Female,51,3,25,75,2023,8,815,CUST815,Clothing
2023-08-12,Male,47,2,500,1000,2023,8,816,CUST816,Beauty
2023-10-31,Male,30,4,50,200,2023,10,817,CUST817,Beauty
2023-05-18,Male,30,1,500,500,2023,5,818,CUST818,Electronics
2023-06-15,Female,35,2,50,100,2023,6,819,CUST819,Beauty
2023-05-06,Male,49,4,50,200,2023,5,820,CUST820,Electronics
2023-02-14,Male,49,1,300,300,2023,2,821,CUST821,Electronics
2023-05-23,Female,52,3,50,150,2023,5,822,CUST822,Beauty
2023-08-19,Female,56,2,50,100,2023,8,823,CUST823,Electronics
2023-05-05,Male,63,4,30,120,2023,5,824,CUST824,Clothing
2023-08-26,Female,46,1,25,25,2023,8,825,CUST825,Beauty
2023-10-19,Female,46,1,300,300,2023,10,826,CUST826,Clothing
2023-11-09,Male,61,3,300,900,2023,11,827,CUST827,Beauty
2023-12-09,Female,33,4,300,1200,2023,12,828,CUST828,Electronics
2023-07-14,Male,61,3,30,90,2023,7,829,CUST829,Beauty
2023-06-22,Female,64,3,50,150,2023,6,830,CUST830,Clothing
2023-01-15,Male,27,4,25,100,2023,1,831,CUST831,Electronics
2023-09-11,Male,47,4,500,2000,2023,9,832,CUST832,Beauty
2023-06-16,Male,42,4,50,200,2023,6,833,CUST833,Beauty
2023-04-04,Female,56,2,30,60,2023,4,834,CUST834,Beauty
2023-09-07,Male,37,4,50,200,2023,9,835,CUST835,Clothing
2023-04-19,Female,22,1,50,50,2023,4,836,CUST836,Clothing
2023-07-01,Male,18,3,30,90,2023,7,837,CUST837,Beauty
2023-05-13,Male,47,2,300,600,2023,5,838,CUST838,Electronics
2023-06-24,Female,20,4,300,1200,2023,6,839,CUST839,Electronics
2023-05-24,Male,62,2,25,50,2023,5,840,CUST840,Clothing
2023-11-02,Male,31,4,25,100,2023,11,841,CUST841,Electronics
2023-12-26,Female,47,2,300,600,2023,12,842,CUST842,Clothing
2023-05-22,Male,21,3,500,1500,2023,5,843,CUST843,Beauty
2023-10-12,Male,35,3,50,150,2023,10,844,CUST844,Clothing
2023-01-06,Male,54,1,500,500,2023,1,845,CUST845,Clothing
2023-09-22,Male,42,1,50,50,2023,9,846,CUST846,Beauty
2023-04-08,Female,18,4,300,1200,2023,4,847,CUST847,Electronics
2023-02-13,Female,63,3,25,75,2023,2,848,CUST848,Clothing
2023-05-04,Male,32,2,25,50,2023,5,849,CUST849,Clothing
2023-07-28,Female,26,2,500,1000,2023,7,850,CUST850,Beauty
2023-09-08,Male,32,2,25,50,2023,9,851,CUST851,Electronics
2023-10-12,Female,41,1,300,300,2023,10,852,CUST852,Clothing
2023-05-04,Male,21,2,500,1000,2023,5,853,CUST853,Beauty
2023-12-20,Male,29,1,50,50,2023,12,854,CUST854,Clothing
2023-09-01,Male,54,1,25,25,2023,9,855,CUST855,Beauty
2023-11-27,Male,54,4,30,120,2023,11,856,CUST856,Electronics
2023-12-31,Male,60,2,25,50,2023,12,857,CUST857,Electronics
2023-09-09,Male,23,2,50,100,2023,9,858,CUST858,Electronics
2023-08-18,Female,56,3,500,1500,2023,8,859,CUST859,Electronics
2023-01-09,Male,63,4,50,200,2023,1,860,CUST860,Clothing
2023-02-17,Female,41,3,30,90,2023,2,861,CUST861,Clothing
2023-05-31,Male,28,4,300,1200,2023,5,862,CUST862,Electronics
2023-04-24,Female,30,2,25,50,2023,4,863,CUST863,Electronics
2023-07-27,Female,51,1,500,500,2023,7,864,CUST864,Electronics
2023-12-21,Female,42,1,300,300,2023,12,865,CUST865,Clothing
2023-05-05,Male,24,1,50,50,2023,5,866,CUST866,Electronics
2023-06-06,Male,21,1,500,500,2023,6,867,CUST867,Electronics
2023-12-06,Female,25,1,300,300,2023,12,868,CUST868,Electronics
2023-10-25,Male,37,3,500,1500,2023,10,869,CUST869,Beauty
2023-07-08,Female,46,4,30,120,2023,7,870,CUST870,Electronics
2023-08-31,Male,62,2,30,60,2023,8,871,CUST871,Beauty
2023-10-11,Female,63,3,25,75,2023,10,872,CUST872,Beauty
2023-09-29,Female,27,4,25,100,2023,9,873,CUST873,Electronics
2023-06-26,Male,60,1,30,30,2023,6,874,CUST874,Beauty
2023-08-06,Female,51,4,500,2000,2023,8,875,CUST875,Electronics
2023-10-09,Male,43,4,30,120,2023,10,876,CUST876,Clothing
2023-06-19,Female,58,1,25,25,2023,6,877,CUST877,Clothing
2023-06-30,Female,20,1,30,30,2023,6,878,CUST878,Clothing
2023-12-26,Male,23,1,30,30,2023,12,879,CUST879,Clothing
2023-08-21,Male,22,2,500,1000,2023,8,880,CUST880,Beauty
2023-05-19,Male,22,1,300,300,2023,5,881,CUST881,Electronics
2023-06-06,Female,64,2,25,50,2023,6,882,CUST882,Electronics
2023-05-09,Male,40,1,500,500,2023,5,883,CUST883,Electronics
2023-04-29,Female,26,2,30,60,2023,4,884,CUST884,Clothing
2023-03-03,Female,52,4,30,120,2023,3,885,CUST885,Clothing
2023-04-09,Male,37,3,300,900,2023,4,886,CUST886,Electronics
2023-06-11,Male,59,4,25,100,2023,6,887,CUST887,Clothing
2023-03-03,Female,52,4,25,100,2023,3,888,CUST888,Electronics
2023-10-02,Female,35,1,50,50,2023,10,889,CUST889,Electronics
2023-12-20,Male,34,2,25,50,2023,12,890,CUST890,Electronics
2023-04-05,Male,41,3,300,900,2023,4,891,CUST891,Electronics
2023-04-09,Male,20,1,50,50,2023,4,892,CUST892,Electronics
2023-04-21,Male,49,1,50,50,2023,4,893,CUST893,Electronics
2023-09-05,Male,52,1,30,30,2023,9,894,CUST894,Electronics
2023-05-22,Female,55,4,30,120,2023,5,895,CUST895,Clothing
2023-10-29,Female,30,2,25,50,2023,10,896,CUST896,Electronics
2023-09-26,Female,64,2,50,100,2023,9,897,CUST897,Electronics
2023-11-02,Female,42,3,30,90,2023,11,898,CUST898,Clothing
2023-05-25,Male,26,2,300,600,2023,5,899,CUST899,Clothing
2023-02-21,Male,21,2,30,60,2023,2,900,CUST900,Clothing
2023-04-10,Male,31,1,30,30,2023,4,901,CUST901,Electronics
2023-06-01,Female,54,1,50,50,2023,6,902,CUST902,Beauty
2023-04-27,Female,51,4,50,200,2023,4,903,CUST903,Beauty
2023-07-04,Male,28,1,500,500,2023,7,904,CUST904,Clothing
2023-04-02,Male,58,1,300,300,2023,4,905,CUST905,Beauty
2023-06-04,Female,20,1,50,50,2023,6,906,CUST906,Clothing
2023-01-08,Female,45,1,25,25,2023,1,907,CUST907,Electronics
2023-12-29,Male,46,4,300,1200,2023,12,908,CUST908,Beauty
2023-10-01,Male,26,1,300,300,2023,10,909,CUST909,Electronics
2023-03-06,Female,20,3,50,150,2023,3,910,CUST910,Beauty
2023-05-21,Male,42,3,300,900,2023,5,911,CUST911,Electronics
2023-01-24,Male,51,3,50,150,2023,1,912,CUST912,Beauty
2023-01-28,Male,29,3,30,90,2023,1,913,CUST913,Electronics
2023-10-11,Female,59,1,500,500,2023,10,914,CUST914,Electronics
2023-05-30,Female,26,3,30,90,2023,5,915,CUST915,Beauty
2023-12-24,Female,32,1,50,50,2023,12,916,CUST916,Electronics
2023-03-06,Female,57,4,50,200,2023,3,917,CUST917,Electronics
2023-11-23,Female,42,3,30,90,2023,11,918,CUST918,Electronics
2023-09-09,Female,22,2,25,50,2023,9,919,CUST919,Beauty
2023-02-22,Female,28,3,25,75,2023,2,920,CUST920,Beauty
2023-01-07,Male,51,3,25,75,2023,1,921,CUST921,Electronics
2023-10-21,Male,41,1,50,50,2023,10,922,CUST922,Electronics
2023-05-26,Male,32,3,300,900,2023,5,923,CUST923,Beauty
2023-08-29,Male,55,2,50,100,2023,8,924,CUST924,Beauty
2023-09-03,Male,25,1,300,300,2023,9,925,CUST925,Electronics
2023-08-14,Male,22,1,30,30,2023,8,926,CUST926,Electronics
2023-06-24,Male,43,4,500,2000,2023,6,927,CUST927,Electronics
2023-04-05,Female,35,4,300,1200,2023,4,928,CUST928,Clothing
2023-01-27,Female,23,3,25,75,2023,1,929,CUST929,Beauty
2023-05-10,Male,54,4,50,200,2023,5,930,CUST930,Clothing
2023-09-02,Male,30,4,30,120,2023,9,931,CUST931,Beauty
2023-02-28,Female,45,4,25,100,2023,2,932,CUST932,Beauty
2023-02-03,Male,22,1,30,30,2023,2,933,CUST933,Beauty
2023-07-25,Male,30,1,500,500,2023,7,934,CUST934,Beauty
2023-09-09,Female,34,1,50,50,2023,9,935,CUST935,Beauty
2023-02-07,Male,57,4,50,200,2023,2,936,CUST936,Beauty
2023-10-23,Female,62,1,500,500,2023,10,937,CUST937,Beauty
2023-11-19,Male,49,4,50,200,2023,11,938,CUST938,Clothing
2023-12-18,Female,46,1,300,300,2023,12,939,CUST939,Electronics
2023-01-28,Female,20,1,30,30,2023,1,940,CUST940,Electronics
2023-03-19,Female,57,2,25,50,2023,3,941,CUST941,Clothing
2023-03-18,Male,51,3,500,1500,2023,3,942,CUST942,Clothing
2023-10-16,Female,57,4,300,1200,2023,10,943,CUST943,Clothing
2023-06-05,Male,44,2,25,50,2023,6,944,CUST944,Clothing
2023-02-13,Male,30,1,25,25,2023,2,945,CUST945,Beauty
2023-05-08,Male,62,4,500,2000,2023,5,946,CUST946,Electronics
2023-03-02,Male,50,1,300,300,2023,3,947,CUST947,Beauty
2023-10-13,Female,23,3,25,75,2023,10,948,CUST948,Electronics
2023-08-02,Female,41,2,25,50,2023,8,949,CUST949,Electronics
2023-11-07,Male,36,3,300,900,2023,11,950,CUST950,Clothing
2023-11-02,Male,33,2,50,100,2023,11,951,CUST951,Beauty
2023-11-13,Female,57,1,25,25,2023,11,952,CUST952,Clothing
2023-04-26,Male,45,3,30,90,2023,4,953,CUST953,Beauty
2023-09-25,Female,50,3,300,900,2023,9,954,CUST954,Electronics
2023-07-14,Male,58,1,25,25,2023,7,955,CUST955,Clothing
2023-08-19,Male,30,3,500,1500,2023,8,956,CUST956,Clothing
2023-08-15,Female,60,4,30,120,2023,8,957,CUST957,Electronics
2023-06-02,Male,62,2,25,50,2023,6,958,CUST958,Electronics
2023-10-29,Female,42,2,30,60,2023,10,959,CUST959,Electronics
2023-08-08,Male,59,2,30,60,2023,8,960,CUST960,Clothing
2023-06-06,Male,53,4,50,200,2023,6,961,CUST961,Beauty
2023-10-19,Male,44,2,30,60,2023,10,962,CUST962,Clothing
2023-11-14,Female,55,1,50,50,2023,11,963,CUST963,Beauty
2023-01-31,Male,24,3,300,900,2023,1,964,CUST964,Clothing
2023-11-09,Male,22,4,50,200,2023,11,965,CUST965,Clothing
2023-02-20,Male,60,2,500,1000,2023,2,966,CUST966,Electronics
2023-04-17,Male,62,1,25,25,2023,4,967,CUST967,Beauty
2023-11-17,Female,48,3,300,900,2023,11,968,CUST968,Clothing
2023-04-19,Female,40,3,300,900,2023,4,969,CUST969,Clothing
2023-05-16,Male,59,4,500,2000,2023,5,970,CUST970,Electronics
2023-12-05,Female,27,4,50,200,2023,12,971,CUST971,Electronics
2023-02-11,Male,49,4,25,100,2023,2,972,CUST972,Beauty
2023-03-22,Male,60,1,50,50,2023,3,973,CUST973,Clothing
2023-05-03,Male,47,1,30,30,2023,5,974,CUST974,Beauty
2023-03-30,Female,56,4,50,200,2023,3,975,CUST975,Clothing
2023-10-10,Female,48,2,300,600,2023,10,976,CUST976,Beauty
2023-02-08,Female,35,3,25,75,2023,2,977,CUST977,Electronics
2023-03-22,Female,53,3,50,150,2023,3,978,CUST978,Clothing
2023-01-02,Female,19,1,25,25,2023,1,979,CUST979,Beauty
2023-07-29,Female,31,3,25,75,2023,7,980,CUST980,Electronics
2023-08-19,Female,30,2,30,60,2023,8,981,CUST981,Electronics
2023-12-19,Female,46,3,30,90,2023,12,982,CUST982,Beauty
2023-11-01,Female,29,1,300,300,2023,11,983,CUST983,Clothing
2023-08-29,Male,56,1,500,500,2023,8,984,CUST984,Clothing
2023-05-30,Female,19,2,25,50,2023,5,985,CUST985,Electronics
2023-01-17,Female,49,2,500,1000,2023,1,986,CUST986,Clothing
2023-04-29,Female,30,3,300,900,2023,4,987,CUST987,Clothing
2023-05-28,Female,63,3,25,75,2023,5,988,CUST988,Clothing
2023-12-28,Female,44,1,25,25,2023,12,989,CUST989,Electronics
2023-05-25,Female,58,2,500,1000,2023,5,990,CUST990,Beauty
2023-12-26,Female,34,2,50,100,2023,12,991,CUST991,Clothing
2023-08-21,Female,57,2,30,60,2023,8,992,CUST992,Electronics
2023-02-06,Female,48,3,50,150,2023,2,993,CUST993,Electronics
2023-12-18,Female,51,2,500,1000,2023,12,994,CUST994,Beauty
2023-04-30,Female,41,1,30,30,2023,4,995,CUST995,Clothing
2023-05-16,Male,62,1,50,50,2023,5,996,CUST996,Clothing
2023-11-17,Male,52,3,30,90,2023,11,997,CUST997,Beauty
2023-10-29,Female,23,4,25,100,2023,10,998,CUST998,Beauty
2023-12-05,Female,36,3,50,150,2023,12,999,CUST999,Electronics
2023-04-12,Male,47,4,30,120,2023,4,1000,CUST1000,Electronics
